{
  "baseline": {
    "visible_iou_e0": 0.02334222922545392,
    "visible_iou_e1": 0.028658872396200227,
    "visible_iou_min": 0.02334222922545392,
    "amodal_iou_e0": 0.02475504544377497,
    "amodal_iou_e1": 0.030793288494595034,
    "amodal_iou_min": 0.02475504544377497,
    "hidden_fraction_accuracy_e0": 0.0,
    "hidden_fraction_accuracy_e1": 0.0,
    "reappearance_consistency": NaN,
    "slot_swap_rate": 0.0,
    "contact_separation_accuracy": 0.0,
    "visible_survival_e0": 1.0,
    "visible_survival_e1": 1.0,
    "visible_survival_min": 1.0,
    "entity_balance": 0.9999999666666657,
    "chimera_rate": 0.0
  },
  "guided": {
    "visible_iou_e0": 0.37346376685145516,
    "visible_iou_e1": 0.37346337199040675,
    "visible_iou_min": 0.37346337199040675,
    "amodal_iou_e0": 0.34447705619531915,
    "amodal_iou_e1": 0.37332728730579134,
    "amodal_iou_min": 0.34447705619531915,
    "hidden_fraction_accuracy_e0": 0.08741095145937476,
    "hidden_fraction_accuracy_e1": 0.22704978210753002,
    "reappearance_consistency": NaN,
    "slot_swap_rate": 0.0,
    "contact_separation_accuracy": 0.09067747741937637,
    "visible_survival_e0": 0.7428571428571429,
    "visible_survival_e1": 0.7714285714285715,
    "visible_survival_min": 0.7428571428571429,
    "entity_balance": 0.4965816042519738,
    "chimera_rate": 0.2857142857142857
  },
  "delta": {
    "visible_iou_e0": 0.35012153762600123,
    "visible_iou_e1": 0.3448044995942065,
    "visible_iou_min": 0.3501211427649528,
    "amodal_iou_e0": 0.31972201075154416,
    "amodal_iou_e1": 0.3425339988111963,
    "amodal_iou_min": 0.31972201075154416,
    "hidden_fraction_accuracy_e0": 0.08741095145937476,
    "hidden_fraction_accuracy_e1": 0.22704978210753002,
    "reappearance_consistency": NaN,
    "slot_swap_rate": 0.0,
    "contact_separation_accuracy": 0.09067747741937637,
    "visible_survival_e0": -0.2571428571428571,
    "visible_survival_e1": -0.22857142857142854,
    "visible_survival_min": -0.2571428571428571,
    "entity_balance": -0.503418362414692,
    "chimera_rate": 0.2857142857142857
  },
  "n_samples": 35
}